{"name":"airstation.skynet","id":"5957b67494f0520011304cc1","boxType":null,"exposure":"outdoor","model":"luftdaten_sds011_bme280","loc":{"geometry":null},"sensors":[{"title":"PM10","unit":"µg/m³","sensorType":"SDS 011","id":"5957b67494f0520011304cc2"},{"title":"PM2.5","unit":"µg/m³","sensorType":"SDS 011","id":"5957b67494f0520011304cc3"},{"title":"Temperatur","unit":"°C","sensorType":"BME280","id":"5957b67494f0520011304cc4"},{"title":"rel. Luftfeuchte","unit":"%","sensorType":"BME280","id":"5957b67494f0520011304cc5"},{"title":"Luftdruck","unit":"Pa","sensorType":"BME280","id":"5957b67494f0520011304cc6"}]}
